Model,R2
Model 1 (price/m2),0.5796438504759887
Model 2 (rent/m2),0.2692042425408243
Model 1+ (price/m2),0.6515373454162856
Model 2+ (rent/m2),0.3565644471771816
