block,DataResearch,ModelBasic,ModelPlus
Beitaipingzhuang,678.7066428571429,582.2566535495955,634.9534847283456
Shijicheng,1013.4088125,932.2415719148186,968.0052910933645
Suzhouqiao,636.9549218750001,559.9704886705131,619.909087546382
Wanliu,934.7214166666665,868.0599408203857,824.5721653415953
